"동별(1)",동별(2),동별(3),2020,2020,2020,2020,2020,2020,2020,2020,2020
"동별(1)",동별(2),동별(3),종류별 주택수,종류별 주택수,종류별 주택수,종류별 주택수,종류별 주택수,종류별 주택수,종류별 주택수,종류별 주택수,종류별 주택수
"동별(1)",동별(2),동별(3),소계,단독주택,단독주택,단독주택,단독주택,아파트,연립주택,다세대주택,비거주용건물내주택
"동별(1)",동별(2),동별(3),소계,소계,일반단독주택,다가구주택,영업겸용주택,소계,소계,소계,소계
"서울시",소계,소계,3015371,307075,64911,190399,51765,1772670,110562,796066,28998
"서울시",종로구,소계,46859,12259,6572,4070,1617,15688,5460,12540,912
"서울시",종로구,사직동,2778,650,467,108,75,1591,78,411,48
"서울시",종로구,삼청동,730,644,414,134,96,X,19,37,30
"서울시",종로구,부암동,3070,1033,750,214,69,121,903,976,37
"서울시",종로구,평창동,5958,1553,1088,314,151,1009,2186,1139,71
"서울시",종로구,무악동,2860,48,14,9,25,2703,55,46,8
"서울시",종로구,교남동,3917,237,100,112,25,2526,88,1060,6
"서울시",종로구,가회동,1601,731,556,105,70,X,137,719,14
"서울시",종로구,종로1.2.3.4가동,1652,514,319,75,120,959,28,48,103
"서울시",종로구,종로5.6가동,1319,730,324,273,133,220,76,137,156
"서울시",종로구,이화동,2624,682,265,311,106,189,266,1420,67
"서울시",종로구,혜화동,5065,1430,462,797,171,890,458,2172,115
"서울시",종로구,창신1동,1589,493,173,191,129,868,18,164,46
"서울시",종로구,창신2동,2466,879,245,497,137,330,89,1119,49
"서울시",종로구,창신3동,2150,306,91,176,39,1735,33,68,8
"서울시",종로구,숭인1동,1588,644,307,277,60,654,15,245,30
"서울시",종로구,숭인2동,3358,406,163,171,72,1633,224,1029,66
"서울시",종로구,청운효자동,4134,1279,834,306,139,260,787,1750,58
"서울시",중구,소계,42234,5967,2266,2436,1265,26102,1944,7352,869
"서울시",중구,소공동,685,16,12,X,X,651,X,X,18
"서울시",중구,회현동,1744,246,112,82,52,1342,43,75,38
"서울시",중구,명동,547,201,65,73,63,250,X,54,42
"서울시",중구,필동,1191,375,161,111,103,399,89,258,70
"서울시",중구,장충동,2433,391,190,137,64,197,262,1532,51
"서울시",중구,광희동,1828,450,228,130,92,1206,X,116,55
"서울시",중구,을지로동,422,101,53,X,44,257,X,7,57
"서울시",중구,신당5동,3376,607,150,335,122,2279,106,321,63
"서울시",중구,황학동,3959,612,148,209,255,2823,12,398,114
"서울시",중구,중림동,4324,259,129,96,34,3455,54,529,27
"서울시",중구,신당동,2526,968,425,391,152,973,51,426,108
"서울시",중구,다산동,4507,865,320,442,103,472,711,2374,85
"서울시",중구,약수동,6584,168,41,99,28,5344,389,658,25
"서울시",중구,청구동,4928,484,189,218,77,3844,115,432,53
"서울시",중구,동화동,3180,224,43,108,73,2610,111,172,63
"서울시",용산구,소계,74542,14064,4941,7359,1764,37676,3969,18124,709
"서울시",용산구,후암동,5363,1470,580,767,123,618,575,2646,54
"서울시",용산구,용산2가동,3243,1105,181,782,142,374,128,1601,35
"서울시",용산구,남영동,1714,661,305,260,96,440,89,473,51
"서울시",용산구,원효로2동,4631,534,173,278,83,3216,118,735,28
"서울시",용산구,효창동,3463,271,76,146,49,1584,247,1333,28
"서울시",용산구,용문동,4231,443,126,182,135,2282,78,1404,24
"서울시",용산구,이촌1동,9540,X,X,X,X,9507,21,11,X
"서울시",용산구,이촌2동,3415,60,11,13,36,2783,172,391,9
"서울시",용산구,이태원1동,2198,815,304,409,102,712,246,373,52
"서울시",용산구,이태원2동,3058,1127,275,741,111,705,232,949,45
"서울시",용산구,서빙고동,4268,618,259,301,58,2608,254,780,8
"서울시",용산구,보광동,3588,2024,564,1288,172,550,81,892,41
"서울시",용산구,청파동,5636,1837,623,1005,209,74,455,3186,84
"서울시",용산구,원효로1동,5251,563,219,228,116,3405,43,1161,79
"서울시",용산구,한강로동,6769,905,592,200,113,5192,162,431,79
"서울시",용산구,한남동,8174,1630,653,759,218,3626,1068,1758,92
"서울시",성동구,소계,91329,10525,1947,6759,1819,67584,1990,10158,1072
"서울시",성동구,왕십리2동,5060,608,79,437,92,4243,9,167,33
"서울시",성동구,마장동,6564,1206,456,492,258,4173,212,816,157
"서울시",성동구,사근동,3183,793,132,545,116,1288,55,982,65
"서울시",성동구,행당1동,4990,573,155,341,77,3680,X,680,57
"서울시",성동구,행당2동,8481,133,10,104,19,8134,16,194,X
"서울시",성동구,응봉동,5322,150,37,96,17,3868,42,1254,8
"서울시",성동구,금호1가동,6021,77,20,27,30,5058,X,861,25
"서울시",성동구,금호4가동,5223,397,111,229,57,4439,101,254,32
"서울시",성동구,성수1가1동,4897,629,117,417,95,3313,307,557,91
"서울시",성동구,성수1가2동,3689,659,81,429,149,2345,200,389,96
"서울시",성동구,성수2가1동,4288,1079,113,756,210,1913,567,599,130
"서울시",성동구,성수2가3동,2944,290,35,160,95,1912,57,589,96
"서울시",성동구,송정동,2331,898,100,704,94,793,68,547,25
"서울시",성동구,용답동,2504,1472,103,1162,207,621,27,327,57
"서울시",성동구,왕십리도선동,8480,544,128,247,169,7302,75,468,91
"서울시",성동구,금호2.3가동,7453,893,251,543,99,5019,129,1338,74
"서울시",성동구,옥수동,9899,124,19,70,35,9483,125,136,31
"서울시",광진구,소계,89832,15332,617,11711,3004,32135,4054,36858,1453
"서울시",광진구,화양동,5296,1413,18,1127,268,1360,50,2315,158
"서울시",광진구,군자동,4556,1435,53,1145,237,779,268,1978,96
"서울시",광진구,중곡1동,3613,1094,37,788,269,148,98,2159,114
"서울시",광진구,중곡2동,4986,1188,38,876,274,300,100,3265,133
"서울시",광진구,중곡3동,3870,1179,57,908,214,462,49,2058,122
"서울시",광진구,중곡4동,7366,1508,94,1177,237,314,666,4746,132
"서울시",광진구,능동,2531,786,44,647,95,21,72,1620,32
"서울시",광진구,구의1동,5195,1070,27,793,250,264,180,3553,128
"서울시",광진구,구의2동,7341,977,56,761,160,1355,714,4221,74
"서울시",광진구,구의3동,9070,424,15,299,110,5985,326,2291,44
"서울시",광진구,광장동,10349,214,37,117,60,9068,481,538,48
"서울시",광진구,자양1동,5398,1205,36,893,276,784,182,3118,109
"서울시",광진구,자양2동,7066,848,14,601,233,2802,257,3075,84
"서울시",광진구,자양3동,8582,402,23,301,78,7088,248,782,62
"서울시",광진구,자양4동,4613,1589,68,1278,243,1405,363,1139,117
"서울시",동대문구,소계,103520,17120,4344,9942,2834,65033,3274,16511,1582
"서울시",동대문구,회기동,3115,744,106,496,142,1577,50,652,92
"서울시",동대문구,휘경1동,4327,913,181,640,92,2546,136,677,55
"서울시",동대문구,휘경2동,6802,994,137,741,116,4151,414,1191,52
"서울시",동대문구,청량리동,6209,1507,383,922,202,3691,65,853,93
"서울시",동대문구,답십리1동,9261,944,188,613,143,7743,32,474,68
"서울시",동대문구,답십리2동,9791,991,224,529,238,8184,45,459,112
"서울시",동대문구,용신동,8495,1942,533,1040,369,4446,345,1522,240
"서울시",동대문구,제기동,7896,2262,867,863,532,3113,158,2148,215
"서울시",동대문구,전농1동,8308,2138,654,1231,253,4044,224,1804,98
"서울시",동대문구,전농2동,6437,489,190,249,50,5505,X,417,26
"서울시",동대문구,장안1동,11799,892,44,583,265,6878,867,2934,228
"서울시",동대문구,장안2동,9852,849,72,574,203,6061,637,2148,157
"서울시",동대문구,이문1동,4948,1501,382,951,168,2232,281,837,97
"서울시",동대문구,이문2동,6280,954,383,510,61,4862,20,395,49
"서울시",중랑구,소계,112364,18560,1787,13464,3309,55499,4466,32303,1536
"서울시",중랑구,면목2동,6489,1528,98,1133,297,2444,210,2125,182
"서울시",중랑구,면목4동,5408,1034,80,793,161,2867,157,1288,62
"서울시",중랑구,면목5동,4409,621,68,445,108,2174,264,1300,50
"서울시",중랑구,면목7동,6204,1264,219,858,187,3151,232,1454,103
"서울시",중랑구,상봉1동,7937,622,91,413,118,5365,258,1639,53
"서울시",중랑구,상봉2동,6146,906,76,633,197,2043,173,2891,133
"서울시",중랑구,중화1동,5691,738,58,536,144,2120,639,2137,57
"서울시",중랑구,중화2동,6553,2199,163,1704,332,868,561,2790,135
"서울시",중랑구,묵1동,10805,788,56,573,159,6568,360,3004,85
"서울시",중랑구,묵2동,5309,996,78,705,213,1652,154,2375,132
"서울시",중랑구,망우3동,3604,1348,112,1023,213,61,111,2018,66
"서울시",중랑구,신내1동,12959,436,73,262,101,11411,297,747,68
"서울시",중랑구,신내2동,8440,9,7,X,X,8425,X,X,6
"서울시",중랑구,면목본동,8582,2427,263,1794,370,962,220,4856,117
"서울시",중랑구,면목3.8동,6375,1822,170,1295,357,1942,429,2055,127
"서울시",중랑구,망우본동,7453,1822,175,1297,350,3446,401,1624,160
"서울시",성북구,소계,138621,22520,9622,9897,3001,79206,6262,29213,1420
"서울시",성북구,돈암1동,5778,164,96,50,18,5341,80,184,9
"서울시",성북구,돈암2동,8240,47,32,13,X,7791,20,379,X
"서울시",성북구,안암동,4022,1179,301,665,213,1209,214,1282,138
"서울시",성북구,보문동,4580,988,309,502,177,2491,42,965,94
"서울시",성북구,정릉1동,5856,577,188,280,109,4535,72,628,44
"서울시",성북구,정릉2동,8211,923,548,290,85,3105,739,3401,43
"서울시",성북구,정릉3동,5359,1537,1103,299,135,756,1148,1860,58
"서울시",성북구,정릉4동,8993,590,296,200,94,5173,876,2303,51
"서울시",성북구,길음1동,11859,97,35,47,15,11470,37,234,21
"서울시",성북구,길음2동,5855,519,263,174,82,5152,32,113,39
"서울시",성북구,월곡1동,8267,1021,310,543,168,6228,93,882,43
"서울시",성북구,월곡2동,5672,1213,355,669,189,3384,172,815,88
"서울시",성북구,장위1동,6134,1482,511,824,147,90,462,4010,90
"서울시",성북구,장위2동,4120,1751,501,1049,201,347,196,1731,95
"서울시",성북구,장위3동,6078,909,466,384,59,4619,199,327,24
"서울시",성북구,성북동,5605,2391,1765,448,178,630,769,1729,86
"서울시",성북구,삼선동,6987,2002,846,857,299,2897,284,1676,128
"서울시",성북구,동선동,4298,1129,375,519,235,1086,400,1548,135
"서울시",성북구,종암동,12235,1419,466,751,202,8072,328,2296,120
"서울시",성북구,석관동,10472,2582,856,1333,393,4830,99,2850,111
"서울시",강북구,소계,97452,17557,4814,10222,2521,34733,4789,39331,1042
"서울시",강북구,번1동,4529,1672,261,1183,228,880,86,1803,88
"서울시",강북구,번2동,6723,290,86,156,48,2625,224,3558,26
"서울시",강북구,번3동,7257,35,5,12,18,6861,66,271,24
"서울시",강북구,수유1동,6781,1541,579,736,226,622,494,4051,73
"서울시",강북구,수유2동,7243,868,154,532,182,2640,204,3412,119
"서울시",강북구,수유3동,5962,1793,230,1237,326,301,247,3485,136
"서울시",강북구,삼양동,7808,1885,870,839,176,2647,612,2606,58
"서울시",강북구,미아동,6555,1470,211,1017,242,1100,444,3450,91
"서울시",강북구,송중동,8803,1991,505,1214,272,2985,475,3261,91
"서울시",강북구,송천동,7165,3011,909,1734,368,1255,208,2568,123
"서울시",강북구,삼각산동,11376,50,13,21,16,11291,X,24,11
"서울시",강북구,우이동,7122,1134,425,573,136,856,640,4415,77
"서울시",강북구,인수동,10128,1817,566,968,283,670,1089,6427,125
"서울시",도봉구,소계,107156,8634,1412,5586,1636,65032,4144,28620,726
"서울시",도봉구,쌍문1동,7530,948,338,499,111,1971,753,3811,47
"서울시",도봉구,쌍문2동,6473,645,125,418,102,2973,270,2533,52
"서울시",도봉구,쌍문3동,5022,814,120,555,139,1930,171,2055,52
"서울시",도봉구,쌍문4동,6835,91,38,39,14,6120,88,525,11
"서울시",도봉구,방학1동,8331,1070,55,781,234,4495,352,2314,100
"서울시",도봉구,방학2동,6149,1072,70,782,220,234,845,3907,91
"서울시",도봉구,방학3동,9698,65,38,11,16,9237,45,337,14
"서울시",도봉구,창1동,9024,399,37,272,90,7314,293,976,42
"서울시",도봉구,창2동,8798,665,52,443,170,2942,343,4788,60
"서울시",도봉구,창3동,3977,1083,161,692,230,1163,120,1571,40
"서울시",도봉구,창4동,10132,X,X,X,X,10045,48,38,X
"서울시",도봉구,창5동,8681,146,15,101,30,6948,112,1428,47
"서울시",도봉구,도봉1동,6964,1140,247,693,200,1107,659,3922,136
"서울시",도봉구,도봉2동,9542,495,116,300,79,8553,45,415,34
"서울시",노원구,소계,189213,6619,2132,3332,1155,163502,3448,14948,696
"서울시",노원구,월계1동,7568,638,151,392,95,4503,239,2124,64
"서울시",노원구,월계2동,11477,131,19,85,27,10866,173,294,13
"서울시",노원구,월계3동,12688,45,14,25,6,12617,X,16,10
"서울시",노원구,공릉2동,12923,538,47,378,113,10880,325,1122,58
"서울시",노원구,하계1동,10466,152,32,67,53,9283,440,560,31
"서울시",노원구,하계2동,8160,X,X,X,X,8160,X,X,X
"서울시",노원구,중계본동,8088,767,690,45,32,6158,192,933,38
"서울시",노원구,중계1동,8743,X,X,X,X,8733,X,X,6
"서울시",노원구,중계4동,7706,95,29,44,22,7317,25,230,39
"서울시",노원구,상계1동,13410,326,38,183,105,10902,418,1686,78
"서울시",노원구,상계2동,6042,674,44,452,178,3908,200,1181,79
"서울시",노원구,상계5동,7347,1044,114,736,194,4133,202,1873,95
"서울시",노원구,상계8동,9090,X,X,X,X,9090,X,X,X
"서울시",노원구,상계9동,8260,X,X,X,X,8258,X,X,X
"서울시",노원구,상계10동,6422,X,X,X,X,6422,X,X,X
"서울시",노원구,상계3.4동,9292,1410,925,411,74,5308,871,1647,56
"서울시",노원구,상계6.7동,13648,X,X,X,X,13647,X,X,X
"서울시",노원구,중계2.3동,14301,X,X,X,X,14245,56,X,X
"서울시",노원구,공릉1동,13582,794,27,512,255,9072,307,3282,127
"서울시",은평구,소계,150658,14937,4223,8111,2603,59438,5830,69210,1243
"서울시",은평구,녹번동,12546,1058,199,681,178,5206,540,5653,89
"서울시",은평구,불광1동,13601,1113,373,573,167,7280,489,4643,76
"서울시",은평구,갈현1동,7330,1482,659,635,188,928,493,4315,112
"서울시",은평구,갈현2동,9400,930,260,468,202,1406,413,6533,118
"서울시",은평구,구산동,10543,738,228,351,159,2645,571,6531,58
"서울시",은평구,대조동,8662,1190,246,698,246,2061,159,5134,118
"서울시",은평구,응암1동,7341,607,110,362,135,2762,198,3697,77
"서울시",은평구,응암2동,9263,466,112,282,72,7485,57,1224,31
"서울시",은평구,신사1동,9417,589,155,267,167,2999,476,5291,62
"서울시",은평구,신사2동,6580,1056,347,571,138,2394,383,2690,57
"서울시",은평구,증산동,4864,771,236,436,99,1857,600,1598,38
"서울시",은평구,수색동,3114,280,138,102,40,2192,150,467,25
"서울시",은평구,진관동,17146,257,205,32,20,16634,220,20,15
"서울시",은평구,불광2동,8970,1618,480,958,180,882,483,5920,67
"서울시",은평구,응암3동,6999,1294,176,873,245,925,105,4551,124
"서울시",은평구,역촌동,14882,1488,299,822,367,1782,493,10943,176
"서울시",서대문구,소계,101036,12600,2726,8128,1746,54132,5461,27910,933
"서울시",서대문구,천연동,6081,522,120,328,74,5109,112,306,32
"서울시",서대문구,홍제1동,8022,619,115,399,105,4961,553,1824,65
"서울시",서대문구,홍제3동,4969,881,238,513,130,2469,195,1364,60
"서울시",서대문구,홍제2동,4993,257,41,180,36,4109,58,545,24
"서울시",서대문구,홍은1동,7308,1132,434,578,120,5041,274,808,53
"서울시",서대문구,홍은2동,9267,959,154,689,116,2514,895,4840,59
"서울시",서대문구,남가좌1동,5609,43,X,23,19,5250,186,104,26
"서울시",서대문구,남가좌2동,8979,995,87,705,203,5759,124,2023,78
"서울시",서대문구,북가좌1동,6089,286,24,231,31,4770,192,821,20
"서울시",서대문구,북가좌2동,10603,1197,101,904,192,2016,737,6556,97
"서울시",서대문구,충현동,6573,1350,541,684,125,3197,544,1428,54
"서울시",서대문구,북아현동,5298,702,188,433,81,4099,95,360,42
"서울시",서대문구,신촌동,5570,1114,182,704,228,1565,249,2476,166
"서울시",서대문구,연희동,11675,2543,500,1757,286,3273,1247,4455,157
"서울시",마포구,소계,122311,11618,2855,6332,2431,70307,3142,35643,1601
"서울시",마포구,용강동,7309,218,60,98,60,6067,72,899,53
"서울시",마포구,대흥동,3335,1066,320,602,144,1591,6,601,71
"서울시",마포구,염리동,3186,564,186,281,97,1931,24,626,41
"서울시",마포구,신수동,7508,651,119,381,151,5227,171,1387,72
"서울시",마포구,서교동,9189,1361,275,710,376,2420,355,4613,440
"서울시",마포구,합정동,6319,666,108,430,128,1070,282,4164,137
"서울시",마포구,망원1동,7047,920,158,556,206,1492,434,4082,119
"서울시",마포구,망원2동,6467,421,32,248,141,2629,262,3054,101
"서울시",마포구,연남동,5648,1174,297,658,219,881,250,3210,133
"서울시",마포구,성산1동,6662,761,152,448,161,654,474,4681,92
"서울시",마포구,성산2동,13092,462,79,315,68,9927,340,2318,45
"서울시",마포구,상암동,9956,347,91,136,120,8966,40,570,33
"서울시",마포구,도화동,7170,510,141,271,98,6067,38,520,35
"서울시",마포구,서강동,8454,610,124,364,122,5609,178,1973,84
"서울시",마포구,공덕동,11878,1657,621,778,258,7071,203,2839,108
"서울시",마포구,아현동,9091,230,92,56,82,8705,13,106,37
"서울시",양천구,소계,143769,7698,617,5319,1762,90788,4042,40382,859
"서울시",양천구,목1동,7768,132,17,72,43,7368,42,197,29
"서울시",양천구,목2동,10552,586,57,402,127,2889,512,6498,67
"서울시",양천구,목3동,7164,555,59,360,136,2243,124,4188,54
"서울시",양천구,목4동,7503,637,34,438,165,2833,282,3680,71
"서울시",양천구,신월1동,6314,1106,81,810,215,1330,445,3320,113
"서울시",양천구,신월2동,7374,273,9,186,78,3882,808,2368,43
"서울시",양천구,신월3동,4371,1147,133,854,160,1167,156,1854,47
"서울시",양천구,신월4동,6145,177,8,98,71,3416,377,2150,25
"서울시",양천구,신월5동,4715,470,31,324,115,1457,388,2355,45
"서울시",양천구,신월6동,5099,54,X,21,32,4413,49,569,14
"서울시",양천구,신월7동,8547,66,X,15,48,3291,187,4937,66
"서울시",양천구,신정1동,6041,287,14,161,112,5440,X,268,46
"서울시",양천구,신정2동,6119,312,30,187,95,5244,78,419,66
"서울시",양천구,신정3동,15440,549,78,422,49,13635,73,1158,25
"서울시",양천구,신정6동,7214,X,X,X,X,7214,X,X,X
"서울시",양천구,신정7동,10861,58,13,32,13,10653,X,125,25
"서울시",양천구,목5동,12391,X,X,X,X,12390,X,X,X
"서울시",양천구,신정4동,10151,1289,49,937,303,1923,521,6296,122
"서울시",강서구,소계,195383,10260,1230,6882,2148,113767,4794,65426,1136
"서울시",강서구,염창동,13248,86,9,43,34,11882,216,1015,49
"서울시",강서구,등촌1동,6384,183,16,109,58,4633,143,1382,43
"서울시",강서구,등촌2동,7009,491,60,352,79,2717,472,3291,38
"서울시",강서구,등촌3동,13522,10,X,X,6,13287,X,211,14
"서울시",강서구,화곡본동,12605,730,120,456,154,1064,630,10103,78
"서울시",강서구,화곡2동,6093,661,54,488,119,338,96,4930,68
"서울시",강서구,화곡3동,6665,478,24,370,84,3463,108,2580,36
"서울시",강서구,화곡4동,7053,831,60,587,184,694,179,5270,79
"서울시",강서구,화곡6동,8085,560,44,391,125,3117,692,3641,75
"서울시",강서구,화곡8동,9035,652,71,448,133,734,329,7273,47
"서울시",강서구,가양1동,7921,84,14,42,28,6733,359,713,32
"서울시",강서구,가양2동,7085,X,X,X,X,7082,X,X,X
"서울시",강서구,가양3동,7454,X,X,X,X,7454,X,X,X
"서울시",강서구,발산1동,12284,242,8,184,50,9143,470,2389,40
"서울시",강서구,공항동,7888,1329,152,822,355,3044,133,3319,63
"서울시",강서구,방화1동,13673,916,112,628,176,10024,144,2499,90
"서울시",강서구,방화2동,7532,1218,338,737,143,3922,196,2086,110
"서울시",강서구,방화3동,9698,117,X,94,20,8921,90,556,14
"서울시",강서구,화곡1동,18754,1240,118,831,291,5986,213,11128,187
"서울시",강서구,우장산동,13395,431,27,296,108,9529,324,3040,71
"서울시",구로구,소계,133012,11474,1563,8163,1748,83459,7388,29852,839
"서울시",구로구,신도림동,11124,278,83,121,74,10552,106,137,51
"서울시",구로구,구로1동,6820,X,X,X,X,6700,X,112,7
"서울시",구로구,구로3동,7361,175,48,69,58,5481,126,1550,29
"서울시",구로구,구로4동,8483,717,81,490,146,6027,123,1536,80
"서울시",구로구,구로5동,8740,1018,71,790,157,6811,141,676,94
"서울시",구로구,고척1동,7405,530,139,334,57,5556,111,1159,49
"서울시",구로구,고척2동,8142,1212,112,923,177,4499,332,2029,70
"서울시",구로구,개봉2동,11045,432,28,306,98,6526,89,3961,37
"서울시",구로구,개봉3동,7266,587,67,394,126,2267,108,4234,70
"서울시",구로구,오류1동,6927,676,149,456,71,4262,255,1699,35
"서울시",구로구,오류2동,13985,529,130,311,88,9695,1694,2023,44
"서울시",구로구,수궁동,8840,334,104,182,48,1510,3213,3738,45
"서울시",구로구,가리봉동,2551,997,75,787,135,114,104,1290,46
"서울시",구로구,구로2동,7183,2672,392,1998,282,1962,121,2307,121
"서울시",구로구,개봉1동,10967,1285,79,996,210,6071,342,3209,60
"서울시",구로구,항동,6173,31,5,6,20,5426,523,192,X
"서울시",금천구,소계,68804,8807,357,7273,1177,31689,3914,23859,535
"서울시",금천구,가산동,6200,625,41,461,123,3027,193,2280,75
"서울시",금천구,독산1동,13038,483,14,372,97,10364,48,2063,80
"서울시",금천구,독산2동,4931,1355,35,1178,142,235,241,3048,52
"서울시",금천구,독산3동,6967,1322,27,1089,206,1560,305,3705,75
"서울시",금천구,독산4동,3946,1031,16,906,109,449,163,2263,40
"서울시",금천구,시흥1동,10181,1500,74,1185,241,4903,309,3379,90
"서울시",금천구,시흥2동,7981,115,34,64,17,7535,16,301,14
"서울시",금천구,시흥3동,4077,162,23,108,31,425,1984,1487,19
"서울시",금천구,시흥4동,5976,926,37,796,93,1610,453,2960,27
"서울시",금천구,시흥5동,5507,1288,56,1114,118,1581,202,2373,63
"서울시",영등포구,소계,107366,14276,2107,9783,2386,74957,1487,15474,1172
"서울시",영등포구,여의동,10202,X,X,X,X,10200,X,X,X
"서울시",영등포구,당산1동,5770,799,151,386,262,4083,X,762,125
"서울시",영등포구,당산2동,10563,330,50,187,93,8920,23,1219,71
"서울시",영등포구,양평1동,4229,659,347,165,147,3011,45,445,69
"서울시",영등포구,양평2동,7115,271,57,133,81,4652,155,1959,78
"서울시",영등포구,신길1동,4280,1518,203,1132,183,1327,137,1246,52
"서울시",영등포구,신길3동,4739,1136,140,835,161,3172,X,391,40
"서울시",영등포구,신길4동,3725,624,59,489,76,2690,X,390,21
"서울시",영등포구,신길5동,2301,798,86,653,59,610,146,718,29
"서울시",영등포구,신길6동,5043,786,74,582,130,3414,174,604,65
"서울시",영등포구,신길7동,6690,238,26,171,41,6182,37,206,27
"서울시",영등포구,대림1동,4052,1094,75,890,129,2142,143,607,66
"서울시",영등포구,대림2동,4241,1470,52,1235,183,1529,246,910,86
"서울시",영등포구,대림3동,7375,1136,39,836,261,4190,40,1881,128
"서울시",영등포구,영등포본동,6404,1278,263,842,173,3543,69,1463,51
"서울시",영등포구,영등포동,7586,625,194,237,194,5078,109,1626,148
"서울시",영등포구,도림동,4005,1270,134,991,145,1562,126,992,55
"서울시",영등포구,문래동,9046,243,156,19,68,8652,36,55,60
"서울시",동작구,소계,115615,14522,2565,9863,2094,61606,5289,33103,1095
"서울시",동작구,노량진2동,2752,1537,361,1042,134,104,214,811,86
"서울시",동작구,상도1동,14737,926,149,596,181,9078,743,3845,145
"서울시",동작구,상도2동,9039,855,241,510,104,6058,239,1817,70
"서울시",동작구,상도3동,7246,998,236,630,132,953,793,4436,66
"서울시",동작구,상도4동,8275,1443,353,950,140,688,663,5407,74
"서울시",동작구,사당1동,5780,1226,57,889,280,550,432,3442,130
"서울시",동작구,사당3동,7759,592,44,444,104,5227,163,1724,53
"서울시",동작구,사당4동,4080,704,58,514,132,975,143,2227,31
"서울시",동작구,사당5동,3515,457,39,325,93,1720,195,1101,42
"서울시",동작구,대방동,11808,1002,206,655,141,7032,394,3281,99
"서울시",동작구,신대방1동,6538,799,40,647,112,4630,102,970,37
"서울시",동작구,신대방2동,5520,690,101,514,75,3092,244,1447,47
"서울시",동작구,흑석동,9613,1480,368,923,189,6822,408,836,67
"서울시",동작구,노량진1동,10612,1055,252,659,144,8290,359,836,72
"서울시",동작구,사당2동,8341,758,60,565,133,6387,197,923,76
"서울시",관악구,소계,127568,21249,3564,14545,3140,55417,6218,42770,1914
"서울시",관악구,보라매동,6221,1327,232,929,166,1413,622,2778,81
"서울시",관악구,청림동,5263,484,157,288,39,4356,110,286,27
"서울시",관악구,행운동,7088,1164,75,921,168,3530,106,2181,107
"서울시",관악구,낙성대동,3543,648,69,450,129,1422,405,981,87
"서울시",관악구,중앙동,3591,950,226,567,157,1013,157,1398,73
"서울시",관악구,인헌동,6849,831,54,593,184,1319,692,3925,82
"서울시",관악구,남현동,5277,478,38,353,87,2093,529,2135,42
"서울시",관악구,서원동,5454,979,82,784,113,785,448,3171,71
"서울시",관악구,신원동,3858,1359,87,1121,151,677,82,1653,87
"서울시",관악구,서림동,5152,1039,94,779,166,1763,274,1951,125
"서울시",관악구,신사동,4211,1654,51,1342,261,297,134,2034,92
"서울시",관악구,신림동,4242,829,151,490,188,1244,14,1965,190
"서울시",관악구,난향동,4938,445,82,336,27,3873,79,525,16
"서울시",관악구,조원동,4180,858,16,631,211,1231,130,1832,129
"서울시",관악구,대학동,4400,1102,85,812,205,2006,232,826,234
"서울시",관악구,은천동,10519,1033,296,568,169,6053,246,3079,108
"서울시",관악구,성현동,10578,375,115,212,48,8669,129,1368,37
"서울시",관악구,청룡동,7921,1220,122,854,244,4392,456,1732,121
"서울시",관악구,난곡동,7659,1496,191,1168,137,915,715,4470,63
"서울시",관악구,삼성동,7833,1844,1127,619,98,4712,233,1010,34
"서울시",관악구,미성동,8791,1134,214,728,192,3654,425,3470,108
"서울시",서초구,소계,133528,5481,871,3579,1031,94499,5356,26931,1261
"서울시",서초구,서초1동,6735,443,118,250,75,4527,239,1436,90
"서울시",서초구,서초2동,6901,97,5,67,25,6285,81,387,51
"서울시",서초구,서초3동,10040,316,30,200,86,6096,661,2844,123
"서울시",서초구,서초4동,9224,19,X,13,5,9077,48,72,8
"서울시",서초구,잠원동,11494,231,11,151,69,10436,123,608,96
"서울시",서초구,반포본동,3662,X,X,X,X,3660,X,X,X
"서울시",서초구,반포1동,9429,478,12,383,83,6526,309,2047,69
"서울시",서초구,반포2동,4702,X,X,X,X,4702,X,X,X
"서울시",서초구,반포3동,7183,6,X,X,5,7177,X,X,X
"서울시",서초구,반포4동,6192,118,24,68,26,3834,967,1211,62
"서울시",서초구,방배본동,5743,314,41,200,73,3500,159,1697,73
"서울시",서초구,방배1동,5539,399,29,311,59,1952,265,2841,82
"서울시",서초구,방배2동,5306,776,49,615,112,2125,189,2147,69
"서울시",서초구,방배3동,6828,326,54,236,36,4384,327,1758,33
"서울시",서초구,방배4동,7712,463,79,267,117,3778,259,3107,105
"서울시",서초구,양재1동,14561,516,139,298,79,10799,869,2244,133
"서울시",서초구,양재2동,6842,386,10,242,134,909,844,4463,240
"서울시",서초구,내곡동,5435,593,269,277,47,4732,16,69,25
"서울시",강남구,소계,173745,6968,839,4669,1460,126023,5827,33190,1737
"서울시",강남구,신사동,4948,343,25,210,108,3582,107,786,130
"서울시",강남구,논현1동,8113,854,64,620,170,1800,962,4278,219
"서울시",강남구,논현2동,7132,616,60,413,143,2852,676,2812,176
"서울시",강남구,삼성1동,4595,217,92,81,44,3111,384,832,51
"서울시",강남구,삼성2동,10178,370,21,279,70,6887,149,2685,87
"서울시",강남구,대치1동,6935,5,X,X,X,6868,12,44,6
"서울시",강남구,대치4동,6564,464,13,343,108,1985,130,3861,124
"서울시",강남구,역삼1동,11995,1217,152,806,259,2678,972,6915,213
"서울시",강남구,역삼2동,11862,297,25,228,44,8691,258,2561,55
"서울시",강남구,도곡1동,6840,129,11,84,34,5802,187,664,58
"서울시",강남구,도곡2동,10213,45,X,22,21,9727,126,245,70
"서울시",강남구,개포1동,1608,7,X,X,X,1499,X,102,X
"서울시",강남구,개포4동,7409,258,5,174,79,3451,481,3031,188
"서울시",강남구,일원본동,7280,104,7,97,X,6884,291,X,X
"서울시",강남구,일원1동,4792,506,32,383,91,3033,7,1178,68
"서울시",강남구,일원2동,6680,X,X,X,X,6678,X,X,X
"서울시",강남구,수서동,7246,58,31,22,5,7185,X,X,X
"서울시",강남구,세곡동,12596,758,228,466,64,11467,199,163,9
"서울시",강남구,압구정동,8856,170,20,76,74,7842,247,496,101
"서울시",강남구,청담동,9731,361,34,239,88,7322,570,1356,122
"서울시",강남구,대치2동,11109,127,10,81,36,9998,60,889,35
"서울시",강남구,개포2동,7063,62,6,40,16,6681,9,292,19
"서울시",송파구,소계,211578,8072,431,5705,1936,127239,4900,69796,1571
"서울시",송파구,풍납1동,3296,892,33,767,92,1596,204,562,42
"서울시",송파구,풍납2동,7608,499,14,378,107,5535,178,1341,55
"서울시",송파구,거여1동,3552,410,9,311,90,1542,212,1345,43
"서울시",송파구,거여2동,5382,306,14,249,43,4442,61,544,29
"서울시",송파구,마천1동,5299,986,145,689,152,2326,171,1748,68
"서울시",송파구,마천2동,5354,938,184,614,140,1321,404,2595,96
"서울시",송파구,방이1동,4921,127,X,70,57,2146,310,2250,88
"서울시",송파구,방이2동,8214,342,7,233,102,1212,621,5948,91
"서울시",송파구,오륜동,5543,X,X,X,X,5540,X,X,X
"서울시",송파구,오금동,12963,367,X,228,136,7216,560,4674,146
"서울시",송파구,송파1동,9335,405,X,280,123,1267,393,7168,102
"서울시",송파구,송파2동,6583,120,X,87,33,4575,155,1705,28
"서울시",송파구,석촌동,12091,510,7,360,143,1066,423,9931,161
"서울시",송파구,삼전동,11497,477,X,364,113,479,284,10168,89
"서울시",송파구,가락본동,8410,332,X,171,158,4975,231,2742,130
"서울시",송파구,가락1동,9716,X,X,X,X,9716,X,X,X
"서울시",송파구,가락2동,10424,273,X,156,116,6417,188,3452,94
"서울시",송파구,문정1동,6783,223,X,122,101,3181,187,3102,90
"서울시",송파구,문정2동,5607,X,X,X,X,5606,X,X,X
"서울시",송파구,잠실본동,9583,593,5,449,139,1145,124,7576,145
"서울시",송파구,잠실4동,6866,X,X,X,X,6864,X,X,X
"서울시",송파구,잠실6동,5372,X,X,X,X,5372,X,X,X
"서울시",송파구,잠실7동,3198,X,X,X,X,3198,X,X,X
"서울시",송파구,잠실2동,11241,X,X,X,X,11241,X,X,X
"서울시",송파구,잠실3동,11046,X,X,X,X,11046,X,X,X
"서울시",송파구,장지동,11732,269,X,177,89,8253,194,2945,71
"서울시",송파구,위례동,9962,X,X,X,X,9962,X,X,X
"서울시",강동구,소계,137876,9956,509,7269,2178,87159,3114,36562,1085
"서울시",강동구,강일동,11745,31,18,7,6,11638,X,76,X
"서울시",강동구,상일동,10472,242,5,119,118,8953,582,658,37
"서울시",강동구,명일1동,8248,253,6,166,81,6765,119,1050,61
"서울시",강동구,명일2동,4629,152,X,84,66,4196,X,255,26
"서울시",강동구,고덕1동,7536,324,22,237,65,6854,X,315,43
"서울시",강동구,고덕2동,6605,555,14,441,100,5589,X,426,35
"서울시",강동구,암사2동,5214,177,22,111,44,4139,16,855,27
"서울시",강동구,암사3동,5583,209,85,104,20,4808,38,512,16
"서울시",강동구,천호1동,8035,1009,22,808,179,2612,388,3958,68
"서울시",강동구,천호3동,7964,995,85,785,125,4651,204,2084,30
"서울시",강동구,성내1동,6767,187,X,113,70,3288,317,2863,112
"서울시",강동구,성내2동,6199,1244,44,902,298,1775,124,2950,106
"서울시",강동구,성내3동,6685,573,7,400,166,2730,148,3151,83
"서울시",강동구,둔촌1동,5,5,X,X,X,X,X,X,X
"서울시",강동구,둔촌2동,7962,543,31,377,135,5011,154,2187,67
"서울시",강동구,암사1동,10089,1139,20,889,230,2790,247,5829,84
"서울시",강동구,천호2동,9362,1488,103,1134,251,2641,189,4901,143
"서울시",강동구,길동,14776,830,16,590,224,8719,588,4492,147
